{"stat.beaconInteraction":13,"stat.useItem.minecraft.bow":1514,"stat.useItem.minecraft.quartz_block":1606,"stat.leaveGame":94,"stat.killEntity.Parrot":11,"stat.drop.minecraft.redstone":139,"stat.useItem.minecraft.glowstone":274,"stat.killEntity.PigZombie":8,"stat.drop.minecraft.enchanted_book":1,"stat.drop.minecraft.coal_block":1,"stat.pickup.minecraft.rotten_flesh":33,"stat.drop.minecraft.redstone_torch":46,"stat.useItem.minecraft.diamond_hoe":17,"stat.useItem.minecraft.activator_rail":11,"stat.killEntity.Donkey":3,"stat.pickup.minecraft.bucket":2,"stat.useItem.minecraft.rail":497,"stat.killEntity.Enderman":1,"stat.useItem.minecraft.anvil":5,"stat.killEntity.Witch":24,"stat.drop.minecraft.sand":1,"stat.killEntity.Villager":60,"stat.drop.minecraft.tnt":9745,"stat.pickup.minecraft.double_plant":7,"stat.useItem.minecraft.hardened_clay":1,"stat.useItem.minecraft.pumpkin_seeds":1,"stat.killEntity.ZombieVillager":3,"stat.drop.minecraft.red_flower":7,"stat.useItem.minecraft.double_plant":65,"stat.useItem.minecraft.red_sandstone":6,"stat.pickup.minecraft.hay_block":3,"stat.useItem.minecraft.trapdoor":21,"stat.drop.minecraft.magma":2,"stat.useItem.minecraft.stained_glass":9,"stat.useItem.minecraft.fence":14,"stat.drop.minecraft.stone_pressure_plate":1,"stat.useItem.minecraft.ice":16,"stat.useItem.minecraft.flint_and_steel":337,"stat.killEntity.Husk":1,"stat.useItem.minecraft.lingering_potion":852,"stat.useItem.minecraft.knowledge_book":10,"stat.pickup.minecraft.emerald":19,"stat.useItem.minecraft.dye":8,"stat.pickup.minecraft.lever":130,"stat.deaths":11,"stat.pickup.minecraft.egg":1,"stat.useItem.minecraft.nether_brick":2,"stat.pickup.minecraft.cooked_mutton":36,"stat.chestOpened":92,"stat.useItem.minecraft.stone":149,"stat.pickup.minecraft.arrow":1004,"stat.killEntity.Ghast":1,"stat.killEntity.Vex":38,"stat.pickup.minecraft.gold_nugget":11,"stat.useItem.minecraft.clay":3,"stat.crouchOneCm":257522,"stat.pickup.minecraft.rail":40,"stat.craftingTableInteraction":21,"stat.pickup.minecraft.repeater":15,"stat.useItem.minecraft.reeds":68,"stat.pickup.minecraft.planks":1,"stat.drop.minecraft.minecart":1,"stat.pickup.minecraft.wheat_seeds":9,"stat.drop.minecraft.snow":64,"stat.drop.minecraft.soul_sand":1,"stat.mineBlock.minecraft.dirt":10,"stat.killEntity.VindicationIllager":11,"stat.drop.minecraft.paper":1,"stat.useItem.minecraft.bread":1,"stat.drop.minecraft.rotten_flesh":3,"stat.drop.minecraft.fire_charge":94,"stat.useItem.minecraft.cobblestone":694,"stat.minecartOneCm":320616,"stat.drop.minecraft.iron_door":2,"stat.pickup.minecraft.bedrock":5,"stat.drop.minecraft.glass_pane":1,"stat.pickup.minecraft.tipped_arrow":8,"stat.pickup.minecraft.apple":1,"stat.useItem.minecraft.fireworks":35,"stat.useItem.minecraft.glass_pane":5,"stat.drop.minecraft.trapped_chest":1,"stat.killEntity.ElderGuardian":2,"stat.useItem.minecraft.barrier":9,"stat.drop.minecraft.hopper_minecart":1,"stat.drop.minecraft.comparator":1,"stat.useItem.minecraft.daylight_detector":23,"stat.useItem.minecraft.stonebrick":7,"stat.useItem.minecraft.wooden_door":16,"stat.pickup.minecraft.iron_door":2,"stat.pickup.minecraft.red_flower":6,"stat.drop.minecraft.bone_block":1,"stat.pickup.minecraft.wool":19,"stat.pickup.minecraft.cooked_fish":1,"stat.useItem.minecraft.wooden_axe":16,"stat.drop.minecraft.grass":22,"stat.pickup.minecraft.tripwire_hook":2,"stat.useItem.minecraft.beacon":4,"stat.drop.minecraft.beacon":2,"stat.useItem.minecraft.skull":3,"stat.useItem.minecraft.snow":3,"stat.drop.minecraft.saddle":1,"stat.pickup.minecraft.enchanted_book":3,"stat.pickup.minecraft.glowstone":1,"stat.drop.minecraft.cobblestone":1,"stat.pickup.minecraft.cooked_porkchop":11,"stat.useItem.minecraft.coal_block":176,"stat.pickup.minecraft.sticky_piston":3,"stat.useItem.minecraft.obsidian":923,"stat.useItem.minecraft.stone_slab2":5106,"stat.useItem.minecraft.mob_spawner":8,"stat.pickup.minecraft.bow":24,"stat.pickup.minecraft.iron_trapdoor":6,"stat.pickup.minecraft.diamond_leggings":4,"stat.flyOneCm":18555241,"stat.timeSinceDeath":3195641,"stat.useItem.minecraft.melon_block":22,"stat.useItem.minecraft.iron_door":21,"stat.drop.minecraft.repeater":2,"stat.craftItem.minecraft.stonebrick":12,"stat.drop.minecraft.stained_glass":5,"stat.drop.minecraft.flint_and_steel":2,"stat.drop.minecraft.wool":1,"stat.killEntity.Creeper":22,"stat.pickup.minecraft.shield":7,"stat.useItem.minecraft.armor_stand":3,"stat.talkedToVillager":36,"stat.drop.minecraft.spawn_egg":23,"stat.pickup.minecraft.string":10,"stat.drop.minecraft.redstone_lamp":3,"stat.drop.minecraft.obsidian":1,"stat.useItem.minecraft.dropper":45,"stat.useItem.minecraft.dragon_egg":7,"stat.sprintOneCm":811553,"stat.useItem.minecraft.diamond_block":4,"stat.pickup.minecraft.fireworks":8,"stat.useItem.minecraft.structure_block":109,"stat.pickup.minecraft.spawn_egg":20,"stat.pickup.minecraft.sugar":6,"stat.entityKilledBy.Slime":4,"stat.drop.minecraft.golden_rail":4,"stat.useItem.minecraft.ladder":7,"stat.pickup.minecraft.iron_block":1,"stat.killEntity.Zombie":19,"stat.diveOneCm":56427,"stat.useItem.minecraft.sticky_piston":280,"stat.drop.minecraft.purpur_stairs":1,"stat.pickup.minecraft.sign":11,"stat.pickup.minecraft.obsidian":2,"stat.useItem.minecraft.tnt_minecart":3394,"stat.drop.minecraft.apple":1,"stat.jump":13299,"stat.useItem.minecraft.iron_trapdoor":93,"stat.useItem.minecraft.sand":173,"stat.pickup.minecraft.coal":6,"stat.pickup.minecraft.gunpowder":84,"stat.pickup.minecraft.dirt":185,"stat.drop.minecraft.structure_block":4,"stat.useItem.minecraft.dispenser":160,"stat.useItem.minecraft.glass":17,"stat.pickup.minecraft.command_block":4,"stat.drop.minecraft.gold_block":1,"stat.damageTaken":269647,"stat.useItem.minecraft.end_crystal":19,"stat.useItem.minecraft.gold_block":50,"stat.noteblockTuned":684,"stat.useItem.minecraft.slime":275,"stat.useItem.minecraft.birch_fence":19,"stat.killEntity.Shulker":2,"stat.useItem.minecraft.snow_layer":691,"stat.killEntity.Silverfish":1,"stat.pickup.minecraft.shulker_shell":1,"stat.drop.minecraft.emerald_block":1,"stat.craftItem.minecraft.stone_slab":12,"stat.useItem.minecraft.command_block":110,"stat.useItem.minecraft.chest":35,"stat.drop.minecraft.noteblock":1,"stat.useItem.minecraft.pumpkin":13,"stat.useItem.minecraft.observer":189,"stat.useItem.minecraft.tnt":73,"stat.useItem.minecraft.lava_bucket":17,"stat.drop.minecraft.netherrack":1,"stat.useItem.minecraft.item_frame":1,"stat.pickup.minecraft.ender_pearl":8,"stat.useItem.minecraft.netherrack":10,"stat.drop.minecraft.nether_brick":1,"stat.drop.minecraft.lever":16,"stat.useItem.minecraft.tripwire_hook":10,"stat.mobKills":480,"stat.pickup.minecraft.diamond_boots":4,"stat.useItem.minecraft.cobblestone_wall":98,"stat.pickup.minecraft.beetroot_seeds":12,"stat.pickup.minecraft.torch":12,"stat.drop.minecraft.quartz_block":81,"stat.pickup.minecraft.spruce_boat":4,"stat.drop.minecraft.arrow":151,"stat.useItem.minecraft.string":38,"stat.pickup.minecraft.record_stal":1,"stat.useItem.minecraft.soul_sand":10,"stat.killEntity.Ozelot":3,"stat.killEntity.Blaze":3,"stat.useItem.minecraft.repeating_command_block":1,"stat.pickup.minecraft.glowstone_dust":8,"stat.useItem.minecraft.water_bucket":131,"stat.pickup.minecraft.sand":1,"stat.aviateOneCm":2002993,"stat.useItem.minecraft.ender_pearl":50,"stat.hopperInspected":167,"stat.useItem.minecraft.spawn_egg":1513,"stat.trappedChestTriggered":67,"stat.drop.minecraft.rail":1,"stat.drop.minecraft.diamond_block":2,"stat.drop.minecraft.stone_slab":8,"stat.useItem.minecraft.minecart":73,"stat.useItem.minecraft.redstone":3779,"stat.pickup.minecraft.totem_of_undying":20,"stat.pickup.minecraft.skull":12,"stat.killEntity.Horse":4,"stat.useItem.minecraft.hopper":244,"stat.pickup.minecraft.saddle":1,"stat.playOneMinute":4304605,"stat.pickup.minecraft.blaze_rod":2,"stat.drop.minecraft.chest":2,"stat.pickup.minecraft.dispenser":1,"stat.pickup.minecraft.pumpkin":1,"stat.useItem.minecraft.fish":2,"stat.drop.minecraft.hopper":1,"stat.useItem.minecraft.sponge":51,"stat.pickup.minecraft.detector_rail":1,"stat.drop.minecraft.knowledge_book":2,"stat.useItem.minecraft.packed_ice":6,"stat.pickup.minecraft.cooked_chicken":1,"stat.fallOneCm":2258898,"stat.drop.minecraft.stone":1,"stat.drop.minecraft.dye":126,"stat.useItem.minecraft.trapped_chest":17,"stat.pickup.minecraft.melon_seeds":1,"stat.useItem.minecraft.nether_brick_fence":12,"stat.pickup.minecraft.melon":4,"stat.dropperInspected":72,"stat.pickup.minecraft.comparator":7,"stat.useItem.minecraft.golden_rail":292,"stat.pickup.minecraft.feather":5,"stat.drop.minecraft.bone":2,"stat.pickup.minecraft.slime":11,"stat.useItem.minecraft.wool":4,"stat.drop.minecraft.stick":10,"stat.pickup.minecraft.flint_and_steel":7,"stat.useItem.minecraft.bone_block":2,"stat.useItem.minecraft.torch":336,"stat.pickup.minecraft.golden_apple":11,"stat.useItem.minecraft.comparator":81,"stat.drop.minecraft.sign":1,"stat.useItem.minecraft.nether_wart_block":1,"stat.drop.minecraft.lapis_block":1,"stat.pickup.minecraft.sapling":49,"stat.pickup.minecraft.wooden_door":1,"stat.drop.minecraft.melon_seeds":1,"stat.drop.minecraft.bow":10,"stat.pickup.minecraft.diamond_helmet":4,"stat.drop.minecraft.dropper":1,"stat.killEntity.WitherSkeleton":2,"stat.useItem.minecraft.wooden_pressure_plate":4,"stat.sneakTime":110952,"stat.pickup.minecraft.stone_slab":4,"stat.drop.minecraft.yellow_flower":12,"stat.pickup.minecraft.yellow_flower":10,"stat.pickup.minecraft.golden_rail":50,"stat.drop.minecraft.wooden_axe":1,"stat.useItem.minecraft.web":45,"stat.useItem.minecraft.lapis_block":129,"stat.pickup.minecraft.bone":68,"stat.pickup.minecraft.redstone_torch":414,"stat.pickup.minecraft.stone_pressure_plate":1,"stat.horseOneCm":15534,"stat.useItem.minecraft.repeater":1015,"stat.pickup.minecraft.structure_block":1,"stat.drop.minecraft.tripwire_hook":2,"stat.swimOneCm":138737,"stat.climbOneCm":2410,"stat.drop.minecraft.sticky_piston":1,"stat.useItem.minecraft.end_rod":109,"stat.useItem.minecraft.redstone_torch":1010,"stat.useItem.minecraft.dirt":2475,"stat.pickup.minecraft.anvil":2,"stat.drop.minecraft.iron_trapdoor":2,"stat.useItem.minecraft.detector_rail":43,"stat.craftItem.minecraft.melon_block":1,"stat.pickup.minecraft.tnt_minecart":4,"stat.drop.minecraft.wheat_seeds":9,"stat.pickup.minecraft.redstone":398,"stat.useItem.minecraft.sign":49,"stat.pickup.minecraft.mutton":6,"stat.useItem.minecraft.noteblock":39,"stat.useItem.minecraft.lever":585,"stat.pickup.minecraft.wooden_axe":1,"stat.pickup.minecraft.trapdoor":1,"stat.useItem.minecraft.chest_minecart":10,"stat.drop.minecraft.bedrock":67,"stat.drop.minecraft.log2":5,"stat.useItem.minecraft.sea_lantern":29,"stat.drop.minecraft.anvil":2,"stat.useItem.minecraft.spruce_fence":10,"stat.useItem.minecraft.stone_slab":231,"stat.pickup.minecraft.grass":4,"stat.useItem.minecraft.stone_pressure_plate":109,"stat.pickup.minecraft.diamond_chestplate":12,"stat.drop.minecraft.dispenser":3,"stat.drop.minecraft.golden_apple":60,"stat.useItem.minecraft.bucket":38,"stat.drop":543,"stat.pickup.minecraft.stone_button":5,"stat.killEntity.Sheep":17,"stat.pickup.minecraft.slime_ball":737,"stat.drop.minecraft.redstone_block":2,"stat.useItem.minecraft.melon_seeds":2,"stat.drop.minecraft.bread":1,"stat.useItem.minecraft.structure_void":10,"stat.drop.minecraft.wooden_pickaxe":1,"stat.useItem.minecraft.quartz_stairs":207,"stat.killEntity.EvocationIllager":10,"stat.killEntity.Slime":95,"stat.useItem.minecraft.diamond_axe":25,"stat.pickup.minecraft.purpur_stairs":1,"stat.useItem.minecraft.potion":5,"stat.useItem.minecraft.bedrock":3969,"stat.useItem.minecraft.piston":185,"stat.pickup.minecraft.spider_eye":5,"stat.useItem.minecraft.stone_button":60,"stat.drop.minecraft.piston":64,"stat.drop.minecraft.glass":1,"stat.boatOneCm":5944,"stat.useItem.minecraft.redstone_lamp":222,"stat.pickup.minecraft.leather":17,"stat.dispenserInspected":371,"stat.drop.minecraft.stone_button":5,"stat.drop.minecraft.water_bucket":1,"stat.pickup.minecraft.reeds":2,"stat.killEntity.CaveSpider":1,"stat.useItem.minecraft.magma":2,"stat.damageDealt":5877,"stat.useItem.minecraft.crafting_table":11,"stat.pickup.minecraft.minecart":6,"stat.killEntity.Pig":12,"stat.walkOneCm":6957188,"stat.pickup.minecraft.stick":9,"stat.useItem.minecraft.emerald_block":26,"stat.useItem.minecraft.spruce_boat":10,"stat.drop.minecraft.iron_block":2,"stat.useItem.minecraft.redstone_block":123,"stat.pickup.minecraft.tnt":7286,"stat.mineBlock.minecraft.wool":1,"stat.drop.minecraft.slime":3,"stat.killEntity.Skeleton":29,"stat.pickup.minecraft.record_mellohi":1,"stat.killEntity.Chicken":1,"stat.mineBlock.minecraft.redstone_torch":8,"stat.useItem.minecraft.iron_block":31,"stat.killEntity.Spider":19,"stat.drop.minecraft.nether_wart_block":1,"stat.drop.minecraft.diamond_boots":1,"stat.useItem.minecraft.golden_apple":8,"stat.pickup.minecraft.water_bucket":2,"stat.useItem.minecraft.hopper_minecart":21,"stat.pickup.minecraft.elytra":4,"stat.pickup.minecraft.lava_bucket":2,"stat.mineBlock.minecraft.hay_block":1,"stat.useItem.minecraft.sandstone":5}