{
	"__comment": "Designed by ItsZender with Cubik Studio - https://cubik.studio",
	"textures": {
		"particle": "blocks/holoblock",
		"texture": "blocks/holoblock"
	},
	"elements": [
		{
			"__comment": "Cube1",
			"from": [ 7, 0, 8 ],
			"to": [ 9, 2, 8.001 ],
			"faces": {
				"down": { "uv": [ 7, 8.999001, 9, 9 ], "texture": "#texture" },
				"up": { "uv": [ 7, 7, 9, 7.001 ], "texture": "#texture" },
				"north": { "uv": [ 7, 14, 9, 16 ], "texture": "#texture" },
				"south": { "uv": [ 7, 14, 9, 16 ], "texture": "#texture" },
				"west": { "uv": [ 7, 14, 7.001, 16 ], "texture": "#texture" },
				"east": { "uv": [ 8.999, 14, 9, 16 ], "texture": "#texture" }
			}
		},
		{
			"__comment": "Cube2",
			"from": [ 6, 2, 8 ],
			"to": [ 10, 4, 8.001 ],
			"faces": {
				"down": { "uv": [ 6, 8.999001, 10, 9 ], "texture": "#texture" },
				"up": { "uv": [ 6, 7, 10, 7.001 ], "texture": "#texture" },
				"north": { "uv": [ 6, 12, 10, 14 ], "texture": "#texture" },
				"south": { "uv": [ 6, 12, 10, 14 ], "texture": "#texture" },
				"west": { "uv": [ 7, 12, 7.001, 14 ], "texture": "#texture" },
				"east": { "uv": [ 8.999, 12, 9, 14 ], "texture": "#texture" }
			}
		},
		{
			"__comment": "Cube3",
			"from": [ 5, 4, 8 ],
			"to": [ 11, 6, 8.001 ],
			"faces": {
				"down": { "uv": [ 5, 8.999001, 11, 9 ], "texture": "#texture" },
				"up": { "uv": [ 5, 7, 11, 7.001 ], "texture": "#texture" },
				"north": { "uv": [ 5, 10, 11, 12 ], "texture": "#texture" },
				"south": { "uv": [ 5, 10, 11, 12 ], "texture": "#texture" },
				"west": { "uv": [ 7, 10, 7.001, 12 ], "texture": "#texture" },
				"east": { "uv": [ 8.999, 10, 9, 12 ], "texture": "#texture" }
			}
		},
		{
			"__comment": "Cube4",
			"from": [ 4, 6, 8 ],
			"to": [ 12, 8, 8.001 ],
			"faces": {
				"down": { "uv": [ 4, 8.999001, 12, 9 ], "texture": "#texture" },
				"up": { "uv": [ 4, 7, 12, 7.001 ], "texture": "#texture" },
				"north": { "uv": [ 4, 8, 12, 10 ], "texture": "#texture" },
				"south": { "uv": [ 4, 8, 12, 10 ], "texture": "#texture" },
				"west": { "uv": [ 7, 8, 7.001, 10 ], "texture": "#texture" },
				"east": { "uv": [ 8.999, 8, 9, 10 ], "texture": "#texture" }
			}
		},
		{
			"__comment": "Cube5",
			"from": [ 3, 8, 8 ],
			"to": [ 13, 10, 8.001 ],
			"faces": {
				"down": { "uv": [ 3, 8.999001, 13, 9 ], "texture": "#texture" },
				"up": { "uv": [ 3, 7, 13, 7.001 ], "texture": "#texture" },
				"north": { "uv": [ 3, 6, 13, 8 ], "texture": "#texture" },
				"south": { "uv": [ 3, 6, 13, 8 ], "texture": "#texture" },
				"west": { "uv": [ 7, 6, 7.001, 8 ], "texture": "#texture" },
				"east": { "uv": [ 8.999, 6, 9, 8 ], "texture": "#texture" }
			}
		},
		{
			"__comment": "Cube6",
			"from": [ 2, 10, 8 ],
			"to": [ 14, 12, 8.001 ],
			"faces": {
				"down": { "uv": [ 2, 8.999001, 14, 9 ], "texture": "#texture" },
				"up": { "uv": [ 2, 7, 14, 7.001 ], "texture": "#texture" },
				"north": { "uv": [ 2, 4, 14, 6 ], "texture": "#texture" },
				"south": { "uv": [ 2, 4, 14, 6 ], "texture": "#texture" },
				"west": { "uv": [ 7, 4, 7.001, 6 ], "texture": "#texture" },
				"east": { "uv": [ 8.999, 4, 9, 6 ], "texture": "#texture" }
			}
		},
		{
			"__comment": "Cube7",
			"from": [ 1, 12, 8 ],
			"to": [ 15, 14, 8.001 ],
			"faces": {
				"down": { "uv": [ 1, 8.999001, 15, 9 ], "texture": "#texture" },
				"up": { "uv": [ 1, 7, 15, 7.001 ], "texture": "#texture" },
				"north": { "uv": [ 1, 2, 15, 4 ], "texture": "#texture" },
				"south": { "uv": [ 1, 2, 15, 4 ], "texture": "#texture" },
				"west": { "uv": [ 7, 2, 7.001, 4 ], "texture": "#texture" },
				"east": { "uv": [ 8.999, 2, 9, 4 ], "texture": "#texture" }
			}
		},
		{
			"__comment": "Cube8",
			"from": [ 0, 14, 8 ],
			"to": [ 16, 16, 8.001 ],
			"faces": {
				"down": { "uv": [ 0, 7.999, 16, 8 ], "texture": "#texture" },
				"up": { "uv": [ 0, 8, 16, 8.000999 ], "texture": "#texture" },
				"north": { "uv": [ 0, 0, 16, 2 ], "texture": "#texture" },
				"south": { "uv": [ 0, 0, 16, 2 ], "texture": "#texture" },
				"west": { "uv": [ 8, 0, 8.001, 2 ], "texture": "#texture" },
				"east": { "uv": [ 7.999, 0, 8, 2 ], "texture": "#texture" }
			}
		},
		{
			"__comment": "Cube8",
			"from": [ 7.999, 14, 0 ],
			"to": [ 8, 16, 16 ],
			"faces": {
				"down": { "uv": [ 0, 7.999, 16, 8 ], "texture": "#texture", "rotation": 270 },
				"up": { "uv": [ 0, 8, 16, 8.000999 ], "texture": "#texture", "rotation": 90 },
				"north": { "uv": [ 8, 0, 8.001, 2 ], "texture": "#texture" },
				"south": { "uv": [ 7.999, 0, 8, 2 ], "texture": "#texture" },
				"west": { "uv": [ 0, 0, 16, 2 ], "texture": "#texture" },
				"east": { "uv": [ 0, 0, 16, 2 ], "texture": "#texture" }
			}
		},
		{
			"__comment": "Cube1",
			"from": [ 7.999, 0, 7 ],
			"to": [ 8, 2, 9 ],
			"faces": {
				"down": { "uv": [ 7, 8.999001, 9, 9 ], "texture": "#texture", "rotation": 270 },
				"up": { "uv": [ 7, 7, 9, 7.001 ], "texture": "#texture", "rotation": 90 },
				"north": { "uv": [ 7, 14, 7.001, 16 ], "texture": "#texture" },
				"south": { "uv": [ 8.999, 14, 9, 16 ], "texture": "#texture" },
				"west": { "uv": [ 7, 14, 9, 16 ], "texture": "#texture" },
				"east": { "uv": [ 7, 14, 9, 16 ], "texture": "#texture" }
			}
		},
		{
			"__comment": "Cube2",
			"from": [ 7.999, 2, 6 ],
			"to": [ 8, 4, 10 ],
			"faces": {
				"down": { "uv": [ 6, 8.999001, 10, 9 ], "texture": "#texture", "rotation": 270 },
				"up": { "uv": [ 6, 7, 10, 7.001 ], "texture": "#texture", "rotation": 90 },
				"north": { "uv": [ 7, 12, 7.001, 14 ], "texture": "#texture" },
				"south": { "uv": [ 8.999, 12, 9, 14 ], "texture": "#texture" },
				"west": { "uv": [ 6, 12, 10, 14 ], "texture": "#texture" },
				"east": { "uv": [ 6, 12, 10, 14 ], "texture": "#texture" }
			}
		},
		{
			"__comment": "Cube3",
			"from": [ 7.999, 4, 5 ],
			"to": [ 8, 6, 11 ],
			"faces": {
				"down": { "uv": [ 5, 8.999001, 11, 9 ], "texture": "#texture", "rotation": 270 },
				"up": { "uv": [ 5, 7, 11, 7.001 ], "texture": "#texture", "rotation": 90 },
				"north": { "uv": [ 7, 10, 7.001, 12 ], "texture": "#texture" },
				"south": { "uv": [ 8.999, 10, 9, 12 ], "texture": "#texture" },
				"west": { "uv": [ 5, 10, 11, 12 ], "texture": "#texture" },
				"east": { "uv": [ 5, 10, 11, 12 ], "texture": "#texture" }
			}
		},
		{
			"__comment": "Cube4",
			"from": [ 7.999, 6, 4 ],
			"to": [ 8, 8, 12 ],
			"faces": {
				"down": { "uv": [ 4, 8.999001, 12, 9 ], "texture": "#texture", "rotation": 270 },
				"up": { "uv": [ 4, 7, 12, 7.001 ], "texture": "#texture", "rotation": 90 },
				"north": { "uv": [ 7, 8, 7.001, 10 ], "texture": "#texture" },
				"south": { "uv": [ 8.999, 8, 9, 10 ], "texture": "#texture" },
				"west": { "uv": [ 4, 8, 12, 10 ], "texture": "#texture" },
				"east": { "uv": [ 4, 8, 12, 10 ], "texture": "#texture" }
			}
		},
		{
			"__comment": "Cube5",
			"from": [ 7.999, 8, 3 ],
			"to": [ 8, 10, 13 ],
			"faces": {
				"down": { "uv": [ 3, 8.999001, 13, 9 ], "texture": "#texture", "rotation": 270 },
				"up": { "uv": [ 3, 7, 13, 7.001 ], "texture": "#texture", "rotation": 90 },
				"north": { "uv": [ 7, 6, 7.001, 8 ], "texture": "#texture" },
				"south": { "uv": [ 8.999, 6, 9, 8 ], "texture": "#texture" },
				"west": { "uv": [ 3, 6, 13, 8 ], "texture": "#texture" },
				"east": { "uv": [ 3, 6, 13, 8 ], "texture": "#texture" }
			}
		},
		{
			"__comment": "Cube6",
			"from": [ 7.999, 10, 2 ],
			"to": [ 8, 12, 14 ],
			"faces": {
				"down": { "uv": [ 2, 8.999001, 14, 9 ], "texture": "#texture", "rotation": 270 },
				"up": { "uv": [ 2, 7, 14, 7.001 ], "texture": "#texture", "rotation": 90 },
				"north": { "uv": [ 7, 4, 7.001, 6 ], "texture": "#texture" },
				"south": { "uv": [ 8.999, 4, 9, 6 ], "texture": "#texture" },
				"west": { "uv": [ 2, 4, 14, 6 ], "texture": "#texture" },
				"east": { "uv": [ 2, 4, 14, 6 ], "texture": "#texture" }
			}
		},
		{
			"__comment": "Cube7",
			"from": [ 7.999, 12, 1 ],
			"to": [ 8, 14, 15 ],
			"faces": {
				"down": { "uv": [ 1, 8.999001, 15, 9 ], "texture": "#texture", "rotation": 270 },
				"up": { "uv": [ 1, 7, 15, 7.001 ], "texture": "#texture", "rotation": 90 },
				"north": { "uv": [ 7, 2, 7.001, 4 ], "texture": "#texture" },
				"south": { "uv": [ 8.999, 2, 9, 4 ], "texture": "#texture" },
				"west": { "uv": [ 1, 2, 15, 4 ], "texture": "#texture" },
				"east": { "uv": [ 1, 2, 15, 4 ], "texture": "#texture" }
			}
		},
		{
			"__comment": "Cube8",
			"from": [ 2.375, 14, 2.375 ],
			"to": [ 18.375, 16, 2.376 ],
			"rotation": { "origin": [ 2.375, 14, 2.375 ], "axis": "y", "angle": -45 },
			"faces": {
				"down": { "uv": [ 0, 7.999, 16, 8 ], "texture": "#texture", "rotation": 270 },
				"up": { "uv": [ 0, 8, 16, 8.000999 ], "texture": "#texture", "rotation": 90 },
				"north": { "uv": [ 8, 0, 8.001, 2 ], "texture": "#texture" },
				"south": { "uv": [ 7.999, 0, 8, 2 ], "texture": "#texture" },
				"west": { "uv": [ 0, 0, 16, 2 ], "texture": "#texture" },
				"east": { "uv": [ 0, 0, 16, 2 ], "texture": "#texture" }
			}
		},
		{
			"__comment": "Cube1",
			"from": [ 9.375, 0, 2.375 ],
			"to": [ 11.375, 2, 2.376 ],
			"rotation": { "origin": [ 2.375, 14, 2.375 ], "axis": "y", "angle": -45 },
			"faces": {
				"down": { "uv": [ 7, 8.999001, 9, 9 ], "texture": "#texture", "rotation": 270 },
				"up": { "uv": [ 7, 7, 9, 7.001 ], "texture": "#texture", "rotation": 90 },
				"north": { "uv": [ 7, 14, 7.001, 16 ], "texture": "#texture" },
				"south": { "uv": [ 8.999, 14, 9, 16 ], "texture": "#texture" },
				"west": { "uv": [ 7, 14, 9, 16 ], "texture": "#texture" },
				"east": { "uv": [ 7, 14, 9, 16 ], "texture": "#texture" }
			}
		},
		{
			"__comment": "Cube2",
			"from": [ 8.375, 2, 2.375 ],
			"to": [ 12.375, 4, 2.376 ],
			"rotation": { "origin": [ 2.375, 14, 2.375 ], "axis": "y", "angle": -45 },
			"faces": {
				"down": { "uv": [ 6, 8.999001, 10, 9 ], "texture": "#texture", "rotation": 270 },
				"up": { "uv": [ 6, 7, 10, 7.001 ], "texture": "#texture", "rotation": 90 },
				"north": { "uv": [ 7, 12, 7.001, 14 ], "texture": "#texture" },
				"south": { "uv": [ 8.999, 12, 9, 14 ], "texture": "#texture" },
				"west": { "uv": [ 6, 12, 10, 14 ], "texture": "#texture" },
				"east": { "uv": [ 6, 12, 10, 14 ], "texture": "#texture" }
			}
		},
		{
			"__comment": "Cube3",
			"from": [ 7.375, 4, 2.375 ],
			"to": [ 13.375, 6, 2.376 ],
			"rotation": { "origin": [ 2.375, 14, 2.375 ], "axis": "y", "angle": -45 },
			"faces": {
				"down": { "uv": [ 5, 8.999001, 11, 9 ], "texture": "#texture", "rotation": 270 },
				"up": { "uv": [ 5, 7, 11, 7.001 ], "texture": "#texture", "rotation": 90 },
				"north": { "uv": [ 7, 10, 7.001, 12 ], "texture": "#texture" },
				"south": { "uv": [ 8.999, 10, 9, 12 ], "texture": "#texture" },
				"west": { "uv": [ 5, 10, 11, 12 ], "texture": "#texture" },
				"east": { "uv": [ 5, 10, 11, 12 ], "texture": "#texture" }
			}
		},
		{
			"__comment": "Cube4",
			"from": [ 6.375, 6, 2.375 ],
			"to": [ 14.375, 8, 2.376 ],
			"rotation": { "origin": [ 2.375, 14, 2.375 ], "axis": "y", "angle": -45 },
			"faces": {
				"down": { "uv": [ 4, 8.999001, 12, 9 ], "texture": "#texture", "rotation": 270 },
				"up": { "uv": [ 4, 7, 12, 7.001 ], "texture": "#texture", "rotation": 90 },
				"north": { "uv": [ 7, 8, 7.001, 10 ], "texture": "#texture" },
				"south": { "uv": [ 8.999, 8, 9, 10 ], "texture": "#texture" },
				"west": { "uv": [ 4, 8, 12, 10 ], "texture": "#texture" },
				"east": { "uv": [ 4, 8, 12, 10 ], "texture": "#texture" }
			}
		},
		{
			"__comment": "Cube5",
			"from": [ 5.375, 8, 2.375 ],
			"to": [ 15.375, 10, 2.376 ],
			"rotation": { "origin": [ 2.375, 14, 2.375 ], "axis": "y", "angle": -45 },
			"faces": {
				"down": { "uv": [ 3, 8.999001, 13, 9 ], "texture": "#texture", "rotation": 270 },
				"up": { "uv": [ 3, 7, 13, 7.001 ], "texture": "#texture", "rotation": 90 },
				"north": { "uv": [ 7, 6, 7.001, 8 ], "texture": "#texture" },
				"south": { "uv": [ 8.999, 6, 9, 8 ], "texture": "#texture" },
				"west": { "uv": [ 3, 6, 13, 8 ], "texture": "#texture" },
				"east": { "uv": [ 3, 6, 13, 8 ], "texture": "#texture" }
			}
		},
		{
			"__comment": "Cube6",
			"from": [ 4.375, 10, 2.375 ],
			"to": [ 16.375, 12, 2.376 ],
			"rotation": { "origin": [ 2.375, 14, 2.375 ], "axis": "y", "angle": -45 },
			"faces": {
				"down": { "uv": [ 2, 8.999001, 14, 9 ], "texture": "#texture", "rotation": 270 },
				"up": { "uv": [ 2, 7, 14, 7.001 ], "texture": "#texture", "rotation": 90 },
				"north": { "uv": [ 7, 4, 7.001, 6 ], "texture": "#texture" },
				"south": { "uv": [ 8.999, 4, 9, 6 ], "texture": "#texture" },
				"west": { "uv": [ 2, 4, 14, 6 ], "texture": "#texture" },
				"east": { "uv": [ 2, 4, 14, 6 ], "texture": "#texture" }
			}
		},
		{
			"__comment": "Cube7",
			"from": [ 3.375, 12, 2.375 ],
			"to": [ 17.375, 14, 2.376 ],
			"rotation": { "origin": [ 2.375, 14, 2.375 ], "axis": "y", "angle": -45 },
			"faces": {
				"down": { "uv": [ 1, 8.999001, 15, 9 ], "texture": "#texture", "rotation": 270 },
				"up": { "uv": [ 1, 7, 15, 7.001 ], "texture": "#texture", "rotation": 90 },
				"north": { "uv": [ 7, 2, 7.001, 4 ], "texture": "#texture" },
				"south": { "uv": [ 8.999, 2, 9, 4 ], "texture": "#texture" },
				"west": { "uv": [ 1, 2, 15, 4 ], "texture": "#texture" },
				"east": { "uv": [ 1, 2, 15, 4 ], "texture": "#texture" }
			}
		},
		{
			"__comment": "Cube8",
			"from": [ 2.375, 14, 13.625 ],
			"to": [ 18.375, 16, 13.626 ],
			"rotation": { "origin": [ 2.375, 14, 13.625 ], "axis": "y", "angle": 45 },
			"faces": {
				"down": { "uv": [ 0, 7.999, 16, 8 ], "texture": "#texture", "rotation": 270 },
				"up": { "uv": [ 0, 8, 16, 8.000999 ], "texture": "#texture", "rotation": 90 },
				"north": { "uv": [ 8, 0, 8.001, 2 ], "texture": "#texture" },
				"south": { "uv": [ 7.999, 0, 8, 2 ], "texture": "#texture" },
				"west": { "uv": [ 0, 0, 16, 2 ], "texture": "#texture" },
				"east": { "uv": [ 0, 0, 16, 2 ], "texture": "#texture" }
			}
		},
		{
			"__comment": "Cube1",
			"from": [ 9.375, 0, 13.625 ],
			"to": [ 11.375, 2, 13.626 ],
			"rotation": { "origin": [ 2.375, 14, 13.625 ], "axis": "y", "angle": 45 },
			"faces": {
				"down": { "uv": [ 7, 8.999001, 9, 9 ], "texture": "#texture", "rotation": 270 },
				"up": { "uv": [ 7, 7, 9, 7.001 ], "texture": "#texture", "rotation": 90 },
				"north": { "uv": [ 7, 14, 7.001, 16 ], "texture": "#texture" },
				"south": { "uv": [ 8.999, 14, 9, 16 ], "texture": "#texture" },
				"west": { "uv": [ 7, 14, 9, 16 ], "texture": "#texture" },
				"east": { "uv": [ 7, 14, 9, 16 ], "texture": "#texture" }
			}
		},
		{
			"__comment": "Cube2",
			"from": [ 8.375, 2, 13.625 ],
			"to": [ 12.375, 4, 13.626 ],
			"rotation": { "origin": [ 2.375, 14, 13.625 ], "axis": "y", "angle": 45 },
			"faces": {
				"down": { "uv": [ 6, 8.999001, 10, 9 ], "texture": "#texture", "rotation": 270 },
				"up": { "uv": [ 6, 7, 10, 7.001 ], "texture": "#texture", "rotation": 90 },
				"north": { "uv": [ 7, 12, 7.001, 14 ], "texture": "#texture" },
				"south": { "uv": [ 8.999, 12, 9, 14 ], "texture": "#texture" },
				"west": { "uv": [ 6, 12, 10, 14 ], "texture": "#texture" },
				"east": { "uv": [ 6, 12, 10, 14 ], "texture": "#texture" }
			}
		},
		{
			"__comment": "Cube3",
			"from": [ 7.375, 4, 13.625 ],
			"to": [ 13.375, 6, 13.626 ],
			"rotation": { "origin": [ 2.375, 14, 13.625 ], "axis": "y", "angle": 45 },
			"faces": {
				"down": { "uv": [ 5, 8.999001, 11, 9 ], "texture": "#texture", "rotation": 270 },
				"up": { "uv": [ 5, 7, 11, 7.001 ], "texture": "#texture", "rotation": 90 },
				"north": { "uv": [ 7, 10, 7.001, 12 ], "texture": "#texture" },
				"south": { "uv": [ 8.999, 10, 9, 12 ], "texture": "#texture" },
				"west": { "uv": [ 5, 10, 11, 12 ], "texture": "#texture" },
				"east": { "uv": [ 5, 10, 11, 12 ], "texture": "#texture" }
			}
		},
		{
			"__comment": "Cube4",
			"from": [ 6.375, 6, 13.625 ],
			"to": [ 14.375, 8, 13.626 ],
			"rotation": { "origin": [ 2.375, 14, 13.625 ], "axis": "y", "angle": 45 },
			"faces": {
				"down": { "uv": [ 4, 8.999001, 12, 9 ], "texture": "#texture", "rotation": 270 },
				"up": { "uv": [ 4, 7, 12, 7.001 ], "texture": "#texture", "rotation": 90 },
				"north": { "uv": [ 7, 8, 7.001, 10 ], "texture": "#texture" },
				"south": { "uv": [ 8.999, 8, 9, 10 ], "texture": "#texture" },
				"west": { "uv": [ 4, 8, 12, 10 ], "texture": "#texture" },
				"east": { "uv": [ 4, 8, 12, 10 ], "texture": "#texture" }
			}
		},
		{
			"__comment": "Cube5",
			"from": [ 5.375, 8, 13.625 ],
			"to": [ 15.375, 10, 13.626 ],
			"rotation": { "origin": [ 2.375, 14, 13.625 ], "axis": "y", "angle": 45 },
			"faces": {
				"down": { "uv": [ 3, 8.999001, 13, 9 ], "texture": "#texture", "rotation": 270 },
				"up": { "uv": [ 3, 7, 13, 7.001 ], "texture": "#texture", "rotation": 90 },
				"north": { "uv": [ 7, 6, 7.001, 8 ], "texture": "#texture" },
				"south": { "uv": [ 8.999, 6, 9, 8 ], "texture": "#texture" },
				"west": { "uv": [ 3, 6, 13, 8 ], "texture": "#texture" },
				"east": { "uv": [ 3, 6, 13, 8 ], "texture": "#texture" }
			}
		},
		{
			"__comment": "Cube6",
			"from": [ 4.375, 10, 13.625 ],
			"to": [ 16.375, 12, 13.626 ],
			"rotation": { "origin": [ 2.375, 14, 13.625 ], "axis": "y", "angle": 45 },
			"faces": {
				"down": { "uv": [ 2, 8.999001, 14, 9 ], "texture": "#texture", "rotation": 270 },
				"up": { "uv": [ 2, 7, 14, 7.001 ], "texture": "#texture", "rotation": 90 },
				"north": { "uv": [ 7, 4, 7.001, 6 ], "texture": "#texture" },
				"south": { "uv": [ 8.999, 4, 9, 6 ], "texture": "#texture" },
				"west": { "uv": [ 2, 4, 14, 6 ], "texture": "#texture" },
				"east": { "uv": [ 2, 4, 14, 6 ], "texture": "#texture" }
			}
		},
		{
			"__comment": "Cube7",
			"from": [ 3.375, 12, 13.625 ],
			"to": [ 17.375, 14, 13.626 ],
			"rotation": { "origin": [ 2.375, 14, 13.625 ], "axis": "y", "angle": 45 },
			"faces": {
				"down": { "uv": [ 1, 8.999001, 15, 9 ], "texture": "#texture", "rotation": 270 },
				"up": { "uv": [ 1, 7, 15, 7.001 ], "texture": "#texture", "rotation": 90 },
				"north": { "uv": [ 7, 2, 7.001, 4 ], "texture": "#texture" },
				"south": { "uv": [ 8.999, 2, 9, 4 ], "texture": "#texture" },
				"west": { "uv": [ 1, 2, 15, 4 ], "texture": "#texture" },
				"east": { "uv": [ 1, 2, 15, 4 ], "texture": "#texture" }
			}
		}
	]
}